<?xml version="1.0" encoding="UTF-8"?>

<mule xmlns:http="http://www.mulesoft.org/schema/mule/http" xmlns="http://www.mulesoft.org/schema/mule/core"
	xmlns:doc="http://www.mulesoft.org/schema/mule/documentation"
	xmlns:xsi="http://www.w3.org/2001/XMLSchema-instance" xsi:schemaLocation="http://www.mulesoft.org/schema/mule/core http://www.mulesoft.org/schema/mule/core/current/mule.xsd
http://www.mulesoft.org/schema/mule/http http://www.mulesoft.org/schema/mule/http/current/mule-http.xsd">
	<http:listener-config name="HTTP_Listener_config" doc:name="HTTP Listener config" doc:id="d72747be-ae1c-459b-91e3-7f2265cf0635" >
		<http:listener-connection host="0.0.0.0" port="8092" />
	</http:listener-config>
	<flow name="helloworlddlbFlow" doc:id="efbe1569-b3f5-468e-a960-0c0d69432cd5" >
		<http:listener doc:name="Listener" doc:id="f341bd79-ae8a-4cd1-b2ca-52e302fcb9c5" config-ref="HTTP_Listener_config" path="/hello"/>
		<set-payload value="Hello - How are you" doc:name="Set Payload" doc:id="e6312701-3177-4051-aa82-384111d823f3" />
		<logger level="INFO" doc:name="Logger" doc:id="5ac779fc-c05a-49d7-b334-639a1c8508a9" message="Hello - how are you"/>
	</flow>
</mule>
